filename,label
z7873830458677_9f41a13fc1bef5d86ee4a10823d2812b.jpg,Com_Chien_Duong_Chau
z7873830489767_4cecd786601f40b630652e2a02507455.jpg,Com_Suon_Trung
z7873830525805_546d06147cef3458be72aeb9961463ab.jpg,Com_Chien_Duong_Chau
z7873830557463_a6e6ceb7f0e61245ca0f66cd6bc26a5a.jpg,Com_Suon_Trung
z7873830591141_4d55fef5766cb4d9c4cd2701d654c3ce.jpg,Com_Chien_Duong_Chau
z7873830625633_b7de8f314ad52fbfbde5afbb69b99bf9.jpg,Com_Ga_Xoi_Mo
z7873830658499_42dc235bd25bc5bdab909d03bb2f33d3.jpg,Com_Suon_Chua_Ngot
z7873830691987_2484cb27d7e715c2b1b3c5680830ba64.jpg,Com_Thit_Kho_Tieu
z7873830792802_5323e4b16bd424bef47d036ef3b08c25.jpg,Com_Ga_Xoi_Mo
z7873830835749_e0d73e6123003bb9c6c519cd9003dfa5.jpg,Com_Suon_Chua_Ngot
z7873830877292_fbd8ca7062d8b0cc2a4751dd1d738f70.jpg,Com_Chien_Duong_Chau
z7873830917465_69f0d1d2a029db381606cf616c4e0f35.jpg,Com_Chien_Duong_Chau
z7873830958599_2e3b25b839d87eecdd5094dba59914d6.jpg,Com_Suon_Trung
z7873831008925_615bc0b38d58d237956994d42190e10b.jpg,Com_Suon_Chua_Ngot
z7873831071225_3eacaf096a730e1ad2129aa2586a6e6c.jpg,Com_Suon_Chua_Ngot
z7873831118632_1f3dfb83794bdf272fef97cee9886585.jpg,Com_Chien_Duong_Chau
z7873831160642_cede946ecb994142cccac1a14114a183.jpg,Com_Suon_Chua_Ngot
z7873831203794_939216a599edaf0a8ecda0e614e3a5de.jpg,Com_Suon_Chua_Ngot
z7873831279910_fcf450d262c7cef2a7482ec9ea91f09f.jpg,Com_Chien_Duong_Chau
z7873831330772_fa3ec4586a6baee56939ab45449db0cd.jpg,Com_Suon_Chua_Ngot
z7873831370899_55b7c5cc0e49f8d5b38d690b28105467.jpg,Com_Chien_Duong_Chau
z7873831430340_d8545009d807d5d7d989cea9ca269924.jpg,Com_Suon_Chua_Ngot
z7873831522315_d5d89fea626a1ffb1b9392436e6341b1.jpg,Com_Ga_Xoi_Mo
z7873831615979_59b2e8b7c80a1dfb48cfc436fb4ba704.jpg,Com_Thit_Kho_Tieu
z7873831663639_872af9bf72ef057bafe27405d59942b9.jpg,Com_Suon_Trung
z7873831715408_a79fcad78379518a9da084bcf5e2844e.jpg,Com_Chien_Duong_Chau
z7873831764006_6c98d14a9df795a577917fd9f3a5e3ae.jpg,Com_Thit_Kho_Tieu
z7873831838687_6fba369da42b7dac281de9c04f91794c.jpg,Com_Suon_Chua_Ngot
z7873831880888_db1ee7b5f14b6418aab155ffec11fe3d.jpg,Com_Chien_Duong_Chau
z7873831930491_d12b60f9cfe3f949b374da61d10eb993.jpg,Com_Suon_Chua_Ngot
z7873831975253_744075f89c7828edb46fab353c999c12.jpg,Com_Suon_Chua_Ngot
z7873832031544_f40faafa5ef0311a4a28a452bcb66af5.jpg,Com_Suon_Trung
z7873832091015_e1a282f9400a473fcf156ed215439de6.jpg,Com_Chien_Duong_Chau
z7873832140844_78796ac33b5ad82b3714997302388951.jpg,Com_Chien_Duong_Chau
z7873832191170_cd6d341d067adfae77558cf95fe42bd7.jpg,Com_Suon_Chua_Ngot
z7873832238401_6305ed39df458dc776c38d58c63d4084.jpg,Com_Suon_Chua_Ngot
z7873832292416_3f536976f12b7bd6dcba292eb6ea9de9.jpg,Com_Ga_Xoi_Mo
z7873832342746_544e41959f8a060569c7af7d1921f99c.jpg,Com_Thit_Kho_Tieu
z7873832392830_6c4029706d79a376e2913ca61a55e5c9.jpg,Com_Thit_Kho_Tieu
z7873832441592_aee49ca3c25e1dbde109abc17d785c15.jpg,Com_Thit_Kho_Tieu
z7873833188428_cf0734250cb041bd281676e4d19f0809.jpg,Com_Chien_Duong_Chau
z7873833231335_f776a7a31beb7dd6b1effa457cb77035.jpg,Com_Thit_Kho_Tieu
z7873833272610_7273903c7fc7423af983da3734519b83.jpg,Com_Thit_Kho_Tieu
z7873833314026_a5e14d74d2590c44ba94f0dae96a5211.jpg,Com_Thit_Kho_Tieu
z7873833365981_22d6bea7f7274366fc3e860a3b9340d4.jpg,Com_Suon_Chua_Ngot
z7873833441586_289c29668c97abcb240b9b730ca6eb9b.jpg,Com_Suon_Chua_Ngot
z7873833489993_5346486c49ec28dfe4d569a447bac765.jpg,Com_Thit_Kho_Tieu
z7873833542438_b40fb3e77a130e891489ccaaaaa05c71.jpg,Com_Chien_Duong_Chau
z7873833590141_0c982097313eb42fadf1f26ac0e1b5e2.jpg,Com_Suon_Trung
z7873833642871_1c223922b11566d48b9e265b91948d13.jpg,Com_Suon_Chua_Ngot
z7873833692512_c0f2d914c229f4a2f6febe18864f87fb.jpg,Com_Thit_Kho_Tieu
z7873833744194_28b3d1d37f8b550b920838b2d559b768.jpg,Com_Thit_Kho_Tieu
z7873833795584_ce425948bbf59e9a5077a3f676aefd62.jpg,Com_Suon_Chua_Ngot
z7873833844466_df846a74cddaae0b4958c377023097ba.jpg,Com_Suon_Trung
z7873834283141_2cdbf603c613e8e73ddb988fb920a51c.jpg,Com_Chien_Duong_Chau
z7873835148708_4f1d15f6e9e6e308f745d4bfdf763d62.jpg,Com_Thit_Kho_Tieu
